accuracy	f1-score	precision	recall	split	experiment
0.9959016393442623	0.9787234042553191	0.9583333333333334	1.0	0	0
0.9836065573770492	0.92	0.8518518518518519	1.0	1	0
0.9918032786885246	0.9583333333333334	0.92	1.0	2	0
0.9959016393442623	0.9777777777777777	1.0	0.9565217391304348	3	0
0.9917355371900827	0.9565217391304348	0.9166666666666666	1.0	4	0
0.9836065573770492	0.92	0.8518518518518519	1.0	0	1
0.9877049180327869	0.9387755102040816	0.8846153846153846	1.0	1	1
0.9918032786885246	0.9583333333333334	0.92	1.0	2	1
0.9959016393442623	0.9777777777777777	1.0	0.9565217391304348	3	1
0.9834710743801653	0.9166666666666666	0.8461538461538461	1.0	4	1
0.9959016393442623	0.9787234042553191	0.9583333333333334	1.0	0	2
0.9959016393442623	0.9787234042553191	0.9583333333333334	1.0	1	2
0.9877049180327869	0.9361702127659574	0.9166666666666666	0.9565217391304348	2	2
0.9959016393442623	0.9787234042553191	0.9583333333333334	1.0	3	2
0.987603305785124	0.9333333333333332	0.9130434782608695	0.9545454545454546	4	2
0.9877049180327869	0.9387755102040816	0.8846153846153846	1.0	0	3
0.9877049180327869	0.9387755102040816	0.8846153846153846	1.0	1	3
0.9877049180327869	0.9387755102040816	0.8846153846153846	1.0	2	3
0.9959016393442623	0.9777777777777777	1.0	0.9565217391304348	3	3
0.9834710743801653	0.9090909090909091	0.9090909090909091	0.9090909090909091	4	3
1.0	1.0	1.0	1.0	0	4
0.9959016393442623	0.9787234042553191	0.9583333333333334	1.0	1	4
0.9918032786885246	0.9583333333333334	0.92	1.0	2	4
1.0	1.0	1.0	1.0	3	4
0.9793388429752066	0.8837209302325582	0.9047619047619048	0.8636363636363636	4	4
0.9959016393442623	0.9777777777777777	1.0	0.9565217391304348	0	5
0.9754098360655737	0.8846153846153846	0.7931034482758621	1.0	1	5
0.9918032786885246	0.9583333333333334	0.92	1.0	2	5
0.9918032786885246	0.9545454545454545	1.0	0.9130434782608695	3	5
0.987603305785124	0.9333333333333332	0.9130434782608695	0.9545454545454546	4	5
0.9877049180327869	0.9387755102040816	0.8846153846153846	1.0	0	6
0.9918032786885246	0.9583333333333334	0.92	1.0	1	6
0.9918032786885246	0.9583333333333334	0.92	1.0	2	6
1.0	1.0	1.0	1.0	3	6
0.9917355371900827	0.9565217391304348	0.9166666666666666	1.0	4	6
0.9918032786885246	0.9565217391304348	0.9565217391304348	0.9565217391304348	0	7
0.9877049180327869	0.9387755102040816	0.8846153846153846	1.0	1	7
0.9918032786885246	0.9565217391304348	0.9565217391304348	0.9565217391304348	2	7
0.9877049180327869	0.9302325581395349	1.0	0.8695652173913043	3	7
0.9752066115702479	0.8695652173913043	0.8333333333333334	0.9090909090909091	4	7
1.0	1.0	1.0	1.0	0	8
0.9877049180327869	0.9387755102040816	0.8846153846153846	1.0	1	8
0.9959016393442623	0.9787234042553191	0.9583333333333334	1.0	2	8
0.9959016393442623	0.9777777777777777	1.0	0.9565217391304348	3	8
0.9834710743801653	0.9130434782608695	0.875	0.9545454545454546	4	8
1.0	1.0	1.0	1.0	0	9
0.9918032786885246	0.9583333333333334	0.92	1.0	1	9
0.9836065573770492	0.909090909090909	0.9523809523809523	0.8695652173913043	2	9
0.9959016393442623	0.9787234042553191	0.9583333333333334	1.0	3	9
0.9834710743801653	0.9130434782608695	0.875	0.9545454545454546	4	9
0.9918032786885246	0.9583333333333334	0.92	1.0	0	10
0.9918032786885246	0.9583333333333334	0.92	1.0	1	10
0.9959016393442623	0.9787234042553191	0.9583333333333334	1.0	2	10
0.9918032786885246	0.9565217391304348	0.9565217391304348	0.9565217391304348	3	10
0.9752066115702479	0.8571428571428572	0.9	0.8181818181818182	4	10
0.9959016393442623	0.9787234042553191	0.9583333333333334	1.0	0	11
0.9918032786885246	0.9583333333333334	0.92	1.0	1	11
0.9959016393442623	0.9787234042553191	0.9583333333333334	1.0	2	11
0.9959016393442623	0.9777777777777777	1.0	0.9565217391304348	3	11
0.9710743801652892	0.8444444444444444	0.8260869565217391	0.8636363636363636	4	11
0.9918032786885246	0.9583333333333334	0.92	1.0	0	12
0.9959016393442623	0.9787234042553191	0.9583333333333334	1.0	1	12
0.9877049180327869	0.9387755102040816	0.8846153846153846	1.0	2	12
0.9959016393442623	0.9777777777777777	1.0	0.9565217391304348	3	12
0.9834710743801653	0.9130434782608695	0.875	0.9545454545454546	4	12
0.9877049180327869	0.9387755102040816	0.8846153846153846	1.0	0	13
0.9877049180327869	0.9387755102040816	0.8846153846153846	1.0	1	13
1.0	1.0	1.0	1.0	2	13
0.9959016393442623	0.9777777777777777	1.0	0.9565217391304348	3	13
0.9834710743801653	0.9130434782608695	0.875	0.9545454545454546	4	13
0.9918032786885246	0.9583333333333334	0.92	1.0	0	14
0.9959016393442623	0.9787234042553191	0.9583333333333334	1.0	1	14
0.9918032786885246	0.9583333333333334	0.92	1.0	2	14
0.9918032786885246	0.9545454545454545	1.0	0.9130434782608695	3	14
0.9793388429752066	0.8936170212765958	0.84	0.9545454545454546	4	14
0.9836065573770492	0.92	0.8518518518518519	1.0	0	15
0.9877049180327869	0.9387755102040816	0.8846153846153846	1.0	1	15
0.9877049180327869	0.9361702127659574	0.9166666666666666	0.9565217391304348	2	15
0.9918032786885246	0.9545454545454545	1.0	0.9130434782608695	3	15
0.9917355371900827	0.9565217391304348	0.9166666666666666	1.0	4	15
0.9959016393442623	0.9787234042553191	0.9583333333333334	1.0	0	16
0.9918032786885246	0.9583333333333334	0.92	1.0	1	16
0.9877049180327869	0.9361702127659574	0.9166666666666666	0.9565217391304348	2	16
1.0	1.0	1.0	1.0	3	16
0.9793388429752066	0.888888888888889	0.8695652173913043	0.9090909090909091	4	16
0.9836065573770492	0.92	0.8518518518518519	1.0	0	17
0.9959016393442623	0.9787234042553191	0.9583333333333334	1.0	1	17
0.9918032786885246	0.9583333333333334	0.92	1.0	2	17
0.9918032786885246	0.9545454545454545	1.0	0.9130434782608695	3	17
0.987603305785124	0.9333333333333332	0.9130434782608695	0.9545454545454546	4	17
0.9918032786885246	0.9583333333333334	0.92	1.0	0	18
0.9754098360655737	0.8846153846153846	0.7931034482758621	1.0	1	18
0.9959016393442623	0.9787234042553191	0.9583333333333334	1.0	2	18
0.9918032786885246	0.9545454545454545	1.0	0.9130434782608695	3	18
0.987603305785124	0.9333333333333332	0.9130434782608695	0.9545454545454546	4	18
0.9918032786885246	0.9565217391304348	0.9565217391304348	0.9565217391304348	0	19
0.9959016393442623	0.9787234042553191	0.9583333333333334	1.0	1	19
0.9918032786885246	0.9583333333333334	0.92	1.0	2	19
1.0	1.0	1.0	1.0	3	19
0.9834710743801653	0.9047619047619048	0.95	0.8636363636363636	4	19
0.9877049180327869	0.9361702127659574	0.9166666666666666	0.9565217391304348	0	20
0.9959016393442623	0.9787234042553191	0.9583333333333334	1.0	1	20
0.9877049180327869	0.9387755102040816	0.8846153846153846	1.0	2	20
0.9918032786885246	0.9545454545454545	1.0	0.9130434782608695	3	20
0.9834710743801653	0.9166666666666666	0.8461538461538461	1.0	4	20
0.9959016393442623	0.9777777777777777	1.0	0.9565217391304348	0	21
0.9795081967213115	0.9019607843137255	0.8214285714285714	1.0	1	21
0.9877049180327869	0.9361702127659574	0.9166666666666666	0.9565217391304348	2	21
0.9918032786885246	0.9545454545454545	1.0	0.9130434782608695	3	21
0.9752066115702479	0.8571428571428572	0.9	0.8181818181818182	4	21
0.9918032786885246	0.9583333333333334	0.92	1.0	0	22
0.9877049180327869	0.9387755102040816	0.8846153846153846	1.0	1	22
0.9877049180327869	0.9361702127659574	0.9166666666666666	0.9565217391304348	2	22
0.9959016393442623	0.9777777777777777	1.0	0.9565217391304348	3	22
0.9793388429752066	0.8979591836734693	0.8148148148148148	1.0	4	22
0.9918032786885246	0.9583333333333334	0.92	1.0	0	23
0.9918032786885246	0.9583333333333334	0.92	1.0	1	23
0.9918032786885246	0.9583333333333334	0.92	1.0	2	23
1.0	1.0	1.0	1.0	3	23
0.9834710743801653	0.9090909090909091	0.9090909090909091	0.9090909090909091	4	23
0.9959016393442623	0.9787234042553191	0.9583333333333334	1.0	0	24
0.9918032786885246	0.9583333333333334	0.92	1.0	1	24
0.9877049180327869	0.9387755102040816	0.8846153846153846	1.0	2	24
0.9918032786885246	0.9545454545454545	1.0	0.9130434782608695	3	24
0.9917355371900827	0.9565217391304348	0.9166666666666666	1.0	4	24
0.9959016393442623	0.9777777777777777	1.0	0.9565217391304348	0	25
0.9877049180327869	0.9387755102040816	0.8846153846153846	1.0	1	25
0.9877049180327869	0.9387755102040816	0.8846153846153846	1.0	2	25
0.9918032786885246	0.9545454545454545	1.0	0.9130434782608695	3	25
0.9834710743801653	0.9090909090909091	0.9090909090909091	0.9090909090909091	4	25
0.9877049180327869	0.9387755102040816	0.8846153846153846	1.0	0	26
0.9959016393442623	0.9787234042553191	0.9583333333333334	1.0	1	26
0.9877049180327869	0.9361702127659574	0.9166666666666666	0.9565217391304348	2	26
0.9918032786885246	0.9545454545454545	1.0	0.9130434782608695	3	26
0.9793388429752066	0.8780487804878049	0.9473684210526315	0.8181818181818182	4	26
0.9836065573770492	0.92	0.8518518518518519	1.0	0	27
0.9918032786885246	0.9583333333333334	0.92	1.0	1	27
0.9795081967213115	0.8979591836734695	0.8461538461538461	0.9565217391304348	2	27
0.9959016393442623	0.9777777777777777	1.0	0.9565217391304348	3	27
0.987603305785124	0.9361702127659575	0.88	1.0	4	27
1.0	1.0	1.0	1.0	0	28
0.9877049180327869	0.9387755102040816	0.8846153846153846	1.0	1	28
0.9795081967213115	0.9019607843137255	0.8214285714285714	1.0	2	28
0.9918032786885246	0.9545454545454545	1.0	0.9130434782608695	3	28
0.9793388429752066	0.888888888888889	0.8695652173913043	0.9090909090909091	4	28
0.9877049180327869	0.9387755102040816	0.8846153846153846	1.0	0	29
0.9918032786885246	0.9583333333333334	0.92	1.0	1	29
0.9877049180327869	0.9387755102040816	0.8846153846153846	1.0	2	29
0.9918032786885246	0.9545454545454545	1.0	0.9130434782608695	3	29
0.9834710743801653	0.9090909090909091	0.9090909090909091	0.9090909090909091	4	29
0.9754098360655737	0.8846153846153846	0.7931034482758621	1.0	0	30
0.9877049180327869	0.9387755102040816	0.8846153846153846	1.0	1	30
0.9918032786885246	0.9583333333333334	0.92	1.0	2	30
0.9959016393442623	0.9787234042553191	0.9583333333333334	1.0	3	30
0.987603305785124	0.9361702127659575	0.88	1.0	4	30
0.9959016393442623	0.9787234042553191	0.9583333333333334	1.0	0	31
0.9959016393442623	0.9787234042553191	0.9583333333333334	1.0	1	31
0.9836065573770492	0.9130434782608695	0.9130434782608695	0.9130434782608695	2	31
1.0	1.0	1.0	1.0	3	31
0.9669421487603306	0.7777777777777778	1.0	0.6363636363636364	4	31
0.9877049180327869	0.9387755102040816	0.8846153846153846	1.0	0	32
0.9959016393442623	0.9787234042553191	0.9583333333333334	1.0	1	32
0.9877049180327869	0.9333333333333332	0.9545454545454546	0.9130434782608695	2	32
0.9959016393442623	0.9777777777777777	1.0	0.9565217391304348	3	32
0.9752066115702479	0.8636363636363636	0.8636363636363636	0.8636363636363636	4	32
0.9918032786885246	0.9565217391304348	0.9565217391304348	0.9565217391304348	0	33
0.9877049180327869	0.9387755102040816	0.8846153846153846	1.0	1	33
0.9959016393442623	0.9787234042553191	0.9583333333333334	1.0	2	33
1.0	1.0	1.0	1.0	3	33
0.987603305785124	0.9333333333333332	0.9130434782608695	0.9545454545454546	4	33
0.9959016393442623	0.9787234042553191	0.9583333333333334	1.0	0	34
0.9918032786885246	0.9583333333333334	0.92	1.0	1	34
0.9918032786885246	0.9583333333333334	0.92	1.0	2	34
0.9918032786885246	0.9545454545454545	1.0	0.9130434782608695	3	34
0.9834710743801653	0.9047619047619048	0.95	0.8636363636363636	4	34
0.9877049180327869	0.9387755102040816	0.8846153846153846	1.0	0	35
0.9918032786885246	0.9583333333333334	0.92	1.0	1	35
0.9959016393442623	0.9787234042553191	0.9583333333333334	1.0	2	35
0.9918032786885246	0.9545454545454545	1.0	0.9130434782608695	3	35
0.9834710743801653	0.9166666666666666	0.8461538461538461	1.0	4	35
1.0	1.0	1.0	1.0	0	36
0.9959016393442623	0.9787234042553191	0.9583333333333334	1.0	1	36
0.9918032786885246	0.9583333333333334	0.92	1.0	2	36
0.9959016393442623	0.9777777777777777	1.0	0.9565217391304348	3	36
0.9834710743801653	0.9090909090909091	0.9090909090909091	0.9090909090909091	4	36
0.9918032786885246	0.9583333333333334	0.92	1.0	0	37
0.9836065573770492	0.92	0.8518518518518519	1.0	1	37
0.9918032786885246	0.9583333333333334	0.92	1.0	2	37
1.0	1.0	1.0	1.0	3	37
0.9834710743801653	0.9090909090909091	0.9090909090909091	0.9090909090909091	4	37
0.9877049180327869	0.9387755102040816	0.8846153846153846	1.0	0	38
0.9918032786885246	0.9583333333333334	0.92	1.0	1	38
0.9959016393442623	0.9787234042553191	0.9583333333333334	1.0	2	38
1.0	1.0	1.0	1.0	3	38
0.9917355371900827	0.9565217391304348	0.9166666666666666	1.0	4	38
0.9877049180327869	0.9387755102040816	0.8846153846153846	1.0	0	39
0.9877049180327869	0.9387755102040816	0.8846153846153846	1.0	1	39
0.9918032786885246	0.9583333333333334	0.92	1.0	2	39
0.9918032786885246	0.9545454545454545	1.0	0.9130434782608695	3	39
0.9834710743801653	0.9047619047619048	0.95	0.8636363636363636	4	39
0.9795081967213115	0.9019607843137255	0.8214285714285714	1.0	0	40
0.9918032786885246	0.9583333333333334	0.92	1.0	1	40
0.9918032786885246	0.9583333333333334	0.92	1.0	2	40
0.9959016393442623	0.9777777777777777	1.0	0.9565217391304348	3	40
0.9752066115702479	0.8571428571428572	0.9	0.8181818181818182	4	40
0.9918032786885246	0.9583333333333334	0.92	1.0	0	41
0.9918032786885246	0.9583333333333334	0.92	1.0	1	41
0.9918032786885246	0.9565217391304348	0.9565217391304348	0.9565217391304348	2	41
0.9959016393442623	0.9777777777777777	1.0	0.9565217391304348	3	41
0.9752066115702479	0.8636363636363636	0.8636363636363636	0.8636363636363636	4	41
0.9795081967213115	0.9019607843137255	0.8214285714285714	1.0	0	42
0.9918032786885246	0.9583333333333334	0.92	1.0	1	42
0.9918032786885246	0.9583333333333334	0.92	1.0	2	42
0.9918032786885246	0.9545454545454545	1.0	0.9130434782608695	3	42
0.9834710743801653	0.9090909090909091	0.9090909090909091	0.9090909090909091	4	42
0.9959016393442623	0.9787234042553191	0.9583333333333334	1.0	0	43
0.9959016393442623	0.9787234042553191	0.9583333333333334	1.0	1	43
0.9877049180327869	0.9387755102040816	0.8846153846153846	1.0	2	43
0.9836065573770492	0.92	0.8518518518518519	1.0	3	43
0.987603305785124	0.9333333333333332	0.9130434782608695	0.9545454545454546	4	43
0.9918032786885246	0.9583333333333334	0.92	1.0	0	44
0.9877049180327869	0.9387755102040816	0.8846153846153846	1.0	1	44
0.9918032786885246	0.9565217391304348	0.9565217391304348	0.9565217391304348	2	44
0.9959016393442623	0.9777777777777777	1.0	0.9565217391304348	3	44
0.9917355371900827	0.9565217391304348	0.9166666666666666	1.0	4	44
0.9754098360655737	0.8846153846153846	0.7931034482758621	1.0	0	45
0.9877049180327869	0.9387755102040816	0.8846153846153846	1.0	1	45
0.9877049180327869	0.9387755102040816	0.8846153846153846	1.0	2	45
0.9959016393442623	0.9777777777777777	1.0	0.9565217391304348	3	45
0.987603305785124	0.9333333333333332	0.9130434782608695	0.9545454545454546	4	45
0.9918032786885246	0.9583333333333334	0.92	1.0	0	46
0.9918032786885246	0.9583333333333334	0.92	1.0	1	46
0.9918032786885246	0.9583333333333334	0.92	1.0	2	46
0.9959016393442623	0.9777777777777777	1.0	0.9565217391304348	3	46
0.9793388429752066	0.888888888888889	0.8695652173913043	0.9090909090909091	4	46
0.9877049180327869	0.9387755102040816	0.8846153846153846	1.0	0	47
0.9918032786885246	0.9583333333333334	0.92	1.0	1	47
0.9877049180327869	0.9361702127659574	0.9166666666666666	0.9565217391304348	2	47
0.9959016393442623	0.9777777777777777	1.0	0.9565217391304348	3	47
0.9752066115702479	0.8636363636363636	0.8636363636363636	0.8636363636363636	4	47
0.9959016393442623	0.9787234042553191	0.9583333333333334	1.0	0	48
0.9877049180327869	0.9387755102040816	0.8846153846153846	1.0	1	48
0.9918032786885246	0.9583333333333334	0.92	1.0	2	48
0.9918032786885246	0.9545454545454545	1.0	0.9130434782608695	3	48
0.9834710743801653	0.9166666666666666	0.8461538461538461	1.0	4	48
0.9754098360655737	0.8846153846153846	0.7931034482758621	1.0	0	49
0.9877049180327869	0.9387755102040816	0.8846153846153846	1.0	1	49
0.9959016393442623	0.9777777777777777	1.0	0.9565217391304348	2	49
0.9877049180327869	0.9302325581395349	1.0	0.8695652173913043	3	49
0.9834710743801653	0.9130434782608695	0.875	0.9545454545454546	4	49
0.9877049180327869	0.9387755102040816	0.8846153846153846	1.0	0	50
0.9918032786885246	0.9583333333333334	0.92	1.0	1	50
0.9959016393442623	0.9787234042553191	0.9583333333333334	1.0	2	50
0.9918032786885246	0.9545454545454545	1.0	0.9130434782608695	3	50
0.9834710743801653	0.9090909090909091	0.9090909090909091	0.9090909090909091	4	50
1.0	1.0	1.0	1.0	0	51
0.9959016393442623	0.9787234042553191	0.9583333333333334	1.0	1	51
0.9918032786885246	0.9583333333333334	0.92	1.0	2	51
0.9836065573770492	0.9047619047619047	1.0	0.8260869565217391	3	51
0.9834710743801653	0.9090909090909091	0.9090909090909091	0.9090909090909091	4	51
0.9467213114754098	0.7796610169491525	0.6388888888888888	1.0	0	52
0.9877049180327869	0.9387755102040816	0.8846153846153846	1.0	1	52
1.0	1.0	1.0	1.0	2	52
0.9959016393442623	0.9777777777777777	1.0	0.9565217391304348	3	52
0.9834710743801653	0.9166666666666666	0.8461538461538461	1.0	4	52
0.9877049180327869	0.9387755102040816	0.8846153846153846	1.0	0	53
0.9795081967213115	0.9019607843137255	0.8214285714285714	1.0	1	53
0.9877049180327869	0.9387755102040816	0.8846153846153846	1.0	2	53
0.9918032786885246	0.9545454545454545	1.0	0.9130434782608695	3	53
0.9834710743801653	0.9166666666666666	0.8461538461538461	1.0	4	53
0.9877049180327869	0.9387755102040816	0.8846153846153846	1.0	0	54
0.9877049180327869	0.9387755102040816	0.8846153846153846	1.0	1	54
0.9836065573770492	0.92	0.8518518518518519	1.0	2	54
0.9959016393442623	0.9787234042553191	0.9583333333333334	1.0	3	54
0.987603305785124	0.9361702127659575	0.88	1.0	4	54
0.9795081967213115	0.9019607843137255	0.8214285714285714	1.0	0	55
0.9877049180327869	0.9387755102040816	0.8846153846153846	1.0	1	55
0.9918032786885246	0.9583333333333334	0.92	1.0	2	55
0.9959016393442623	0.9777777777777777	1.0	0.9565217391304348	3	55
0.9917355371900827	0.9545454545454546	0.9545454545454546	0.9545454545454546	4	55
0.9918032786885246	0.9583333333333334	0.92	1.0	0	56
0.9918032786885246	0.9583333333333334	0.92	1.0	1	56
0.9918032786885246	0.9583333333333334	0.92	1.0	2	56
0.9959016393442623	0.9777777777777777	1.0	0.9565217391304348	3	56
0.9834710743801653	0.9090909090909091	0.9090909090909091	0.9090909090909091	4	56
0.9918032786885246	0.9583333333333334	0.92	1.0	0	57
0.9918032786885246	0.9583333333333334	0.92	1.0	1	57
0.9918032786885246	0.9583333333333334	0.92	1.0	2	57
0.9959016393442623	0.9777777777777777	1.0	0.9565217391304348	3	57
0.987603305785124	0.9361702127659575	0.88	1.0	4	57
0.9959016393442623	0.9787234042553191	0.9583333333333334	1.0	0	58
0.9918032786885246	0.9583333333333334	0.92	1.0	1	58
0.9795081967213115	0.878048780487805	1.0	0.782608695652174	2	58
1.0	1.0	1.0	1.0	3	58
0.9834710743801653	0.9090909090909091	0.9090909090909091	0.9090909090909091	4	58
0.9918032786885246	0.9583333333333334	0.92	1.0	0	59
0.9877049180327869	0.9387755102040816	0.8846153846153846	1.0	1	59
0.9754098360655737	0.8846153846153846	0.7931034482758621	1.0	2	59
0.9959016393442623	0.9777777777777777	1.0	0.9565217391304348	3	59
0.9793388429752066	0.888888888888889	0.8695652173913043	0.9090909090909091	4	59
0.9877049180327869	0.9387755102040816	0.8846153846153846	1.0	0	60
0.9918032786885246	0.9583333333333334	0.92	1.0	1	60
0.9877049180327869	0.9387755102040816	0.8846153846153846	1.0	2	60
0.9918032786885246	0.9545454545454545	1.0	0.9130434782608695	3	60
0.9834710743801653	0.9166666666666666	0.8461538461538461	1.0	4	60
0.9754098360655737	0.8846153846153846	0.7931034482758621	1.0	0	61
0.9877049180327869	0.9387755102040816	0.8846153846153846	1.0	1	61
0.9672131147540983	0.8518518518518519	0.7419354838709677	1.0	2	61
0.9959016393442623	0.9787234042553191	0.9583333333333334	1.0	3	61
0.987603305785124	0.9361702127659575	0.88	1.0	4	61
1.0	1.0	1.0	1.0	0	62
0.9918032786885246	0.9583333333333334	0.92	1.0	1	62
0.9877049180327869	0.9302325581395349	1.0	0.8695652173913043	2	62
1.0	1.0	1.0	1.0	3	62
0.9793388429752066	0.888888888888889	0.8695652173913043	0.9090909090909091	4	62
0.9836065573770492	0.92	0.8518518518518519	1.0	0	63
0.9918032786885246	0.9583333333333334	0.92	1.0	1	63
0.9918032786885246	0.9565217391304348	0.9565217391304348	0.9565217391304348	2	63
0.9959016393442623	0.9777777777777777	1.0	0.9565217391304348	3	63
0.9752066115702479	0.85	0.9444444444444444	0.7727272727272727	4	63
0.9836065573770492	0.92	0.8518518518518519	1.0	0	64
0.9959016393442623	0.9787234042553191	0.9583333333333334	1.0	1	64
0.9877049180327869	0.9361702127659574	0.9166666666666666	0.9565217391304348	2	64
0.9918032786885246	0.9545454545454545	1.0	0.9130434782608695	3	64
0.9917355371900827	0.9565217391304348	0.9166666666666666	1.0	4	64
1.0	1.0	1.0	1.0	0	65
0.9918032786885246	0.9583333333333334	0.92	1.0	1	65
0.9918032786885246	0.9565217391304348	0.9565217391304348	0.9565217391304348	2	65
0.9959016393442623	0.9777777777777777	1.0	0.9565217391304348	3	65
0.9669421487603306	0.846153846153846	0.7333333333333333	1.0	4	65
0.9918032786885246	0.9583333333333334	0.92	1.0	0	66
0.9877049180327869	0.9387755102040816	0.8846153846153846	1.0	1	66
0.9918032786885246	0.9583333333333334	0.92	1.0	2	66
0.9959016393442623	0.9777777777777777	1.0	0.9565217391304348	3	66
0.9793388429752066	0.8780487804878049	0.9473684210526315	0.8181818181818182	4	66
0.9959016393442623	0.9787234042553191	0.9583333333333334	1.0	0	67
0.9959016393442623	0.9787234042553191	0.9583333333333334	1.0	1	67
0.9918032786885246	0.9583333333333334	0.92	1.0	2	67
1.0	1.0	1.0	1.0	3	67
0.987603305785124	0.9333333333333332	0.9130434782608695	0.9545454545454546	4	67
1.0	1.0	1.0	1.0	0	68
0.9918032786885246	0.9583333333333334	0.92	1.0	1	68
0.9631147540983607	0.8363636363636363	0.71875	1.0	2	68
0.9959016393442623	0.9777777777777777	1.0	0.9565217391304348	3	68
0.987603305785124	0.9361702127659575	0.88	1.0	4	68
0.9672131147540983	0.8518518518518519	0.7419354838709677	1.0	0	69
0.9877049180327869	0.9387755102040816	0.8846153846153846	1.0	1	69
0.9877049180327869	0.9387755102040816	0.8846153846153846	1.0	2	69
0.9959016393442623	0.9777777777777777	1.0	0.9565217391304348	3	69
0.9917355371900827	0.9545454545454546	0.9545454545454546	0.9545454545454546	4	69
1.0	1.0	1.0	1.0	0	70
0.9877049180327869	0.9387755102040816	0.8846153846153846	1.0	1	70
0.9795081967213115	0.8979591836734695	0.8461538461538461	0.9565217391304348	2	70
0.9918032786885246	0.9545454545454545	1.0	0.9130434782608695	3	70
0.987603305785124	0.9333333333333332	0.9130434782608695	0.9545454545454546	4	70
1.0	1.0	1.0	1.0	0	71
0.9795081967213115	0.9019607843137255	0.8214285714285714	1.0	1	71
0.9877049180327869	0.9333333333333332	0.9545454545454546	0.9130434782608695	2	71
0.9959016393442623	0.9787234042553191	0.9583333333333334	1.0	3	71
0.9793388429752066	0.888888888888889	0.8695652173913043	0.9090909090909091	4	71
0.9959016393442623	0.9787234042553191	0.9583333333333334	1.0	0	72
0.9959016393442623	0.9787234042553191	0.9583333333333334	1.0	1	72
0.9877049180327869	0.9361702127659574	0.9166666666666666	0.9565217391304348	2	72
0.9918032786885246	0.9583333333333334	0.92	1.0	3	72
0.9793388429752066	0.888888888888889	0.8695652173913043	0.9090909090909091	4	72
0.9959016393442623	0.9787234042553191	0.9583333333333334	1.0	0	73
0.9836065573770492	0.92	0.8518518518518519	1.0	1	73
0.9918032786885246	0.9583333333333334	0.92	1.0	2	73
0.9959016393442623	0.9777777777777777	1.0	0.9565217391304348	3	73
0.9834710743801653	0.9130434782608695	0.875	0.9545454545454546	4	73
1.0	1.0	1.0	1.0	0	74
0.9959016393442623	0.9787234042553191	0.9583333333333334	1.0	1	74
0.9877049180327869	0.9387755102040816	0.8846153846153846	1.0	2	74
0.9918032786885246	0.9545454545454545	1.0	0.9130434782608695	3	74
0.9752066115702479	0.8636363636363636	0.8636363636363636	0.8636363636363636	4	74
1.0	1.0	1.0	1.0	0	75
0.9877049180327869	0.9387755102040816	0.8846153846153846	1.0	1	75
0.9918032786885246	0.9583333333333334	0.92	1.0	2	75
0.9918032786885246	0.9565217391304348	0.9565217391304348	0.9565217391304348	3	75
0.9834710743801653	0.9166666666666666	0.8461538461538461	1.0	4	75
0.9918032786885246	0.9583333333333334	0.92	1.0	0	76
0.9959016393442623	0.9787234042553191	0.9583333333333334	1.0	1	76
0.9795081967213115	0.9019607843137255	0.8214285714285714	1.0	2	76
1.0	1.0	1.0	1.0	3	76
0.9710743801652892	0.8292682926829269	0.8947368421052632	0.7727272727272727	4	76
0.9918032786885246	0.9583333333333334	0.92	1.0	0	77
0.9877049180327869	0.9387755102040816	0.8846153846153846	1.0	1	77
0.9918032786885246	0.9545454545454545	1.0	0.9130434782608695	2	77
0.9959016393442623	0.9777777777777777	1.0	0.9565217391304348	3	77
0.9793388429752066	0.888888888888889	0.8695652173913043	0.9090909090909091	4	77
0.9959016393442623	0.9777777777777777	1.0	0.9565217391304348	0	78
0.9918032786885246	0.9583333333333334	0.92	1.0	1	78
0.9959016393442623	0.9787234042553191	0.9583333333333334	1.0	2	78
0.9959016393442623	0.9777777777777777	1.0	0.9565217391304348	3	78
0.987603305785124	0.9333333333333332	0.9130434782608695	0.9545454545454546	4	78
0.9918032786885246	0.9583333333333334	0.92	1.0	0	79
0.9836065573770492	0.92	0.8518518518518519	1.0	1	79
0.9959016393442623	0.9777777777777777	1.0	0.9565217391304348	2	79
0.9959016393442623	0.9777777777777777	1.0	0.9565217391304348	3	79
0.9917355371900827	0.9545454545454546	0.9545454545454546	0.9545454545454546	4	79
0.9918032786885246	0.9583333333333334	0.92	1.0	0	80
0.9836065573770492	0.92	0.8518518518518519	1.0	1	80
0.9877049180327869	0.9387755102040816	0.8846153846153846	1.0	2	80
0.9877049180327869	0.9302325581395349	1.0	0.8695652173913043	3	80
0.9834710743801653	0.9166666666666666	0.8461538461538461	1.0	4	80
0.9918032786885246	0.9565217391304348	0.9565217391304348	0.9565217391304348	0	81
0.9959016393442623	0.9787234042553191	0.9583333333333334	1.0	1	81
0.9631147540983607	0.8363636363636363	0.71875	1.0	2	81
0.9877049180327869	0.9302325581395349	1.0	0.8695652173913043	3	81
0.9710743801652892	0.8372093023255814	0.8571428571428571	0.8181818181818182	4	81
0.9959016393442623	0.9787234042553191	0.9583333333333334	1.0	0	82
0.9877049180327869	0.9387755102040816	0.8846153846153846	1.0	1	82
0.9918032786885246	0.9583333333333334	0.92	1.0	2	82
0.9959016393442623	0.9777777777777777	1.0	0.9565217391304348	3	82
0.987603305785124	0.9333333333333332	0.9130434782608695	0.9545454545454546	4	82
0.9754098360655737	0.8846153846153846	0.7931034482758621	1.0	0	83
0.9877049180327869	0.9387755102040816	0.8846153846153846	1.0	1	83
0.9959016393442623	0.9777777777777777	1.0	0.9565217391304348	2	83
0.9795081967213115	0.878048780487805	1.0	0.782608695652174	3	83
0.9834710743801653	0.9130434782608695	0.875	0.9545454545454546	4	83
0.9959016393442623	0.9787234042553191	0.9583333333333334	1.0	0	84
0.9918032786885246	0.9583333333333334	0.92	1.0	1	84
0.9918032786885246	0.9583333333333334	0.92	1.0	2	84
0.9959016393442623	0.9777777777777777	1.0	0.9565217391304348	3	84
0.9752066115702479	0.8636363636363636	0.8636363636363636	0.8636363636363636	4	84
0.9918032786885246	0.9583333333333334	0.92	1.0	0	85
0.9918032786885246	0.9583333333333334	0.92	1.0	1	85
0.9918032786885246	0.9565217391304348	0.9565217391304348	0.9565217391304348	2	85
0.9877049180327869	0.9302325581395349	1.0	0.8695652173913043	3	85
0.9793388429752066	0.8837209302325582	0.9047619047619048	0.8636363636363636	4	85
0.9959016393442623	0.9787234042553191	0.9583333333333334	1.0	0	86
0.9918032786885246	0.9583333333333334	0.92	1.0	1	86
0.9836065573770492	0.92	0.8518518518518519	1.0	2	86
0.9959016393442623	0.9777777777777777	1.0	0.9565217391304348	3	86
0.9793388429752066	0.8837209302325582	0.9047619047619048	0.8636363636363636	4	86
0.9918032786885246	0.9583333333333334	0.92	1.0	0	87
0.9959016393442623	0.9787234042553191	0.9583333333333334	1.0	1	87
0.9918032786885246	0.9583333333333334	0.92	1.0	2	87
0.9959016393442623	0.9777777777777777	1.0	0.9565217391304348	3	87
0.9793388429752066	0.888888888888889	0.8695652173913043	0.9090909090909091	4	87
0.9836065573770492	0.92	0.8518518518518519	1.0	0	88
0.9877049180327869	0.9387755102040816	0.8846153846153846	1.0	1	88
0.9877049180327869	0.9361702127659574	0.9166666666666666	0.9565217391304348	2	88
1.0	1.0	1.0	1.0	3	88
0.9917355371900827	0.9545454545454546	0.9545454545454546	0.9545454545454546	4	88
0.9795081967213115	0.9019607843137255	0.8214285714285714	1.0	0	89
0.9877049180327869	0.9387755102040816	0.8846153846153846	1.0	1	89
0.9918032786885246	0.9565217391304348	0.9565217391304348	0.9565217391304348	2	89
0.9877049180327869	0.9302325581395349	1.0	0.8695652173913043	3	89
0.9793388429752066	0.8979591836734693	0.8148148148148148	1.0	4	89
0.9918032786885246	0.9583333333333334	0.92	1.0	0	90
0.9959016393442623	0.9787234042553191	0.9583333333333334	1.0	1	90
0.9795081967213115	0.8979591836734695	0.8461538461538461	0.9565217391304348	2	90
0.9918032786885246	0.9545454545454545	1.0	0.9130434782608695	3	90
0.9834710743801653	0.9166666666666666	0.8461538461538461	1.0	4	90
0.9877049180327869	0.9387755102040816	0.8846153846153846	1.0	0	91
0.9959016393442623	0.9787234042553191	0.9583333333333334	1.0	1	91
0.9877049180327869	0.9361702127659574	0.9166666666666666	0.9565217391304348	2	91
0.9959016393442623	0.9777777777777777	1.0	0.9565217391304348	3	91
0.9834710743801653	0.9130434782608695	0.875	0.9545454545454546	4	91
0.9836065573770492	0.92	0.8518518518518519	1.0	0	92
0.9836065573770492	0.92	0.8518518518518519	1.0	1	92
0.9918032786885246	0.9565217391304348	0.9565217391304348	0.9565217391304348	2	92
1.0	1.0	1.0	1.0	3	92
0.9917355371900827	0.9565217391304348	0.9166666666666666	1.0	4	92
0.9959016393442623	0.9787234042553191	0.9583333333333334	1.0	0	93
0.9959016393442623	0.9787234042553191	0.9583333333333334	1.0	1	93
0.9877049180327869	0.9361702127659574	0.9166666666666666	0.9565217391304348	2	93
0.9959016393442623	0.9777777777777777	1.0	0.9565217391304348	3	93
0.987603305785124	0.9361702127659575	0.88	1.0	4	93
0.9877049180327869	0.9387755102040816	0.8846153846153846	1.0	0	94
0.9795081967213115	0.9019607843137255	0.8214285714285714	1.0	1	94
0.9959016393442623	0.9787234042553191	0.9583333333333334	1.0	2	94
1.0	1.0	1.0	1.0	3	94
0.9834710743801653	0.9166666666666666	0.8461538461538461	1.0	4	94
0.9836065573770492	0.92	0.8518518518518519	1.0	0	95
0.9795081967213115	0.9019607843137255	0.8214285714285714	1.0	1	95
0.9877049180327869	0.9361702127659574	0.9166666666666666	0.9565217391304348	2	95
0.9918032786885246	0.9565217391304348	0.9565217391304348	0.9565217391304348	3	95
0.987603305785124	0.9333333333333332	0.9130434782608695	0.9545454545454546	4	95
0.9795081967213115	0.9019607843137255	0.8214285714285714	1.0	0	96
0.9795081967213115	0.9019607843137255	0.8214285714285714	1.0	1	96
0.9836065573770492	0.909090909090909	0.9523809523809523	0.8695652173913043	2	96
0.9959016393442623	0.9777777777777777	1.0	0.9565217391304348	3	96
0.9752066115702479	0.8636363636363636	0.8636363636363636	0.8636363636363636	4	96
0.9959016393442623	0.9787234042553191	0.9583333333333334	1.0	0	97
0.9877049180327869	0.9387755102040816	0.8846153846153846	1.0	1	97
0.9877049180327869	0.9361702127659574	0.9166666666666666	0.9565217391304348	2	97
0.9918032786885246	0.9545454545454545	1.0	0.9130434782608695	3	97
0.9834710743801653	0.9130434782608695	0.875	0.9545454545454546	4	97
0.9877049180327869	0.9387755102040816	0.8846153846153846	1.0	0	98
0.9918032786885246	0.9583333333333334	0.92	1.0	1	98
0.9877049180327869	0.9361702127659574	0.9166666666666666	0.9565217391304348	2	98
0.9959016393442623	0.9777777777777777	1.0	0.9565217391304348	3	98
0.9834710743801653	0.9047619047619048	0.95	0.8636363636363636	4	98
0.9877049180327869	0.9387755102040816	0.8846153846153846	1.0	0	99
0.9959016393442623	0.9787234042553191	0.9583333333333334	1.0	1	99
0.9877049180327869	0.9387755102040816	0.8846153846153846	1.0	2	99
0.9959016393442623	0.9777777777777777	1.0	0.9565217391304348	3	99
0.9834710743801653	0.9047619047619048	0.95	0.8636363636363636	4	99
1.0	1.0	1.0	1.0	0	100
0.9918032786885246	0.9583333333333334	0.92	1.0	1	100
0.9877049180327869	0.9387755102040816	0.8846153846153846	1.0	2	100
1.0	1.0	1.0	1.0	3	100
0.9793388429752066	0.8936170212765958	0.84	0.9545454545454546	4	100
0.9918032786885246	0.9583333333333334	0.92	1.0	0	101
0.9918032786885246	0.9583333333333334	0.92	1.0	1	101
0.9795081967213115	0.888888888888889	0.9090909090909091	0.8695652173913043	2	101
0.9918032786885246	0.9545454545454545	1.0	0.9130434782608695	3	101
0.9917355371900827	0.9565217391304348	0.9166666666666666	1.0	4	101
0.9713114754098361	0.8679245283018869	0.7666666666666667	1.0	0	102
0.9836065573770492	0.92	0.8518518518518519	1.0	1	102
0.9877049180327869	0.9361702127659574	0.9166666666666666	0.9565217391304348	2	102
0.9959016393442623	0.9777777777777777	1.0	0.9565217391304348	3	102
0.9793388429752066	0.8936170212765958	0.84	0.9545454545454546	4	102
0.9754098360655737	0.8846153846153846	0.7931034482758621	1.0	0	103
0.9918032786885246	0.9583333333333334	0.92	1.0	1	103
0.9959016393442623	0.9787234042553191	0.9583333333333334	1.0	2	103
0.9877049180327869	0.9302325581395349	1.0	0.8695652173913043	3	103
0.9917355371900827	0.9545454545454546	0.9545454545454546	0.9545454545454546	4	103
0.9836065573770492	0.92	0.8518518518518519	1.0	0	104
0.9836065573770492	0.92	0.8518518518518519	1.0	1	104
0.9836065573770492	0.92	0.8518518518518519	1.0	2	104
0.9959016393442623	0.9777777777777777	1.0	0.9565217391304348	3	104
0.9834710743801653	0.9130434782608695	0.875	0.9545454545454546	4	104
1.0	1.0	1.0	1.0	0	105
0.9959016393442623	0.9787234042553191	0.9583333333333334	1.0	1	105
0.9836065573770492	0.92	0.8518518518518519	1.0	2	105
1.0	1.0	1.0	1.0	3	105
0.9793388429752066	0.8780487804878049	0.9473684210526315	0.8181818181818182	4	105
0.9795081967213115	0.9019607843137255	0.8214285714285714	1.0	0	106
0.9918032786885246	0.9583333333333334	0.92	1.0	1	106
0.9918032786885246	0.9583333333333334	0.92	1.0	2	106
0.9959016393442623	0.9777777777777777	1.0	0.9565217391304348	3	106
0.9834710743801653	0.9090909090909091	0.9090909090909091	0.9090909090909091	4	106
0.9959016393442623	0.9777777777777777	1.0	0.9565217391304348	0	107
0.9795081967213115	0.9019607843137255	0.8214285714285714	1.0	1	107
0.9918032786885246	0.9565217391304348	0.9565217391304348	0.9565217391304348	2	107
0.9959016393442623	0.9777777777777777	1.0	0.9565217391304348	3	107
0.987603305785124	0.9361702127659575	0.88	1.0	4	107
1.0	1.0	1.0	1.0	0	108
0.9918032786885246	0.9583333333333334	0.92	1.0	1	108
0.9918032786885246	0.9583333333333334	0.92	1.0	2	108
0.9959016393442623	0.9777777777777777	1.0	0.9565217391304348	3	108
0.987603305785124	0.9333333333333332	0.9130434782608695	0.9545454545454546	4	108
0.9795081967213115	0.9019607843137255	0.8214285714285714	1.0	0	109
0.9918032786885246	0.9583333333333334	0.92	1.0	1	109
0.9836065573770492	0.9166666666666666	0.88	0.9565217391304348	2	109
0.9877049180327869	0.9361702127659574	0.9166666666666666	0.9565217391304348	3	109
0.9793388429752066	0.8936170212765958	0.84	0.9545454545454546	4	109
0.9918032786885246	0.9583333333333334	0.92	1.0	0	110
0.9959016393442623	0.9787234042553191	0.9583333333333334	1.0	1	110
0.9836065573770492	0.92	0.8518518518518519	1.0	2	110
0.9959016393442623	0.9777777777777777	1.0	0.9565217391304348	3	110
0.9834710743801653	0.9130434782608695	0.875	0.9545454545454546	4	110
0.9918032786885246	0.9583333333333334	0.92	1.0	0	111
0.9918032786885246	0.9583333333333334	0.92	1.0	1	111
0.9877049180327869	0.9387755102040816	0.8846153846153846	1.0	2	111
0.9836065573770492	0.9047619047619047	1.0	0.8260869565217391	3	111
0.9834710743801653	0.9047619047619048	0.95	0.8636363636363636	4	111
0.9959016393442623	0.9787234042553191	0.9583333333333334	1.0	0	112
0.9959016393442623	0.9787234042553191	0.9583333333333334	1.0	1	112
0.9918032786885246	0.9583333333333334	0.92	1.0	2	112
0.9959016393442623	0.9777777777777777	1.0	0.9565217391304348	3	112
0.987603305785124	0.9333333333333332	0.9130434782608695	0.9545454545454546	4	112
0.9959016393442623	0.9787234042553191	0.9583333333333334	1.0	0	113
0.9918032786885246	0.9583333333333334	0.92	1.0	1	113
0.9877049180327869	0.9387755102040816	0.8846153846153846	1.0	2	113
0.9877049180327869	0.9302325581395349	1.0	0.8695652173913043	3	113
0.987603305785124	0.9333333333333332	0.9130434782608695	0.9545454545454546	4	113
0.9877049180327869	0.9387755102040816	0.8846153846153846	1.0	0	114
0.9754098360655737	0.8846153846153846	0.7931034482758621	1.0	1	114
0.9918032786885246	0.9583333333333334	0.92	1.0	2	114
0.9959016393442623	0.9777777777777777	1.0	0.9565217391304348	3	114
0.9834710743801653	0.9090909090909091	0.9090909090909091	0.9090909090909091	4	114
0.9918032786885246	0.9583333333333334	0.92	1.0	0	115
0.9918032786885246	0.9583333333333334	0.92	1.0	1	115
0.9918032786885246	0.9565217391304348	0.9565217391304348	0.9565217391304348	2	115
0.9959016393442623	0.9777777777777777	1.0	0.9565217391304348	3	115
0.987603305785124	0.9361702127659575	0.88	1.0	4	115
0.9877049180327869	0.9361702127659574	0.9166666666666666	0.9565217391304348	0	116
0.9836065573770492	0.92	0.8518518518518519	1.0	1	116
0.9877049180327869	0.9387755102040816	0.8846153846153846	1.0	2	116
0.9918032786885246	0.9583333333333334	0.92	1.0	3	116
0.9793388429752066	0.8979591836734693	0.8148148148148148	1.0	4	116
0.9959016393442623	0.9787234042553191	0.9583333333333334	1.0	0	117
0.9959016393442623	0.9787234042553191	0.9583333333333334	1.0	1	117
0.9836065573770492	0.92	0.8518518518518519	1.0	2	117
0.9959016393442623	0.9777777777777777	1.0	0.9565217391304348	3	117
0.9917355371900827	0.9565217391304348	0.9166666666666666	1.0	4	117
0.9754098360655737	0.8846153846153846	0.7931034482758621	1.0	0	118
0.9918032786885246	0.9583333333333334	0.92	1.0	1	118
0.9918032786885246	0.9565217391304348	0.9565217391304348	0.9565217391304348	2	118
0.9877049180327869	0.9387755102040816	0.8846153846153846	1.0	3	118
0.9834710743801653	0.9166666666666666	0.8461538461538461	1.0	4	118
0.9918032786885246	0.9583333333333334	0.92	1.0	0	119
0.9959016393442623	0.9787234042553191	0.9583333333333334	1.0	1	119
0.9877049180327869	0.9333333333333332	0.9545454545454546	0.9130434782608695	2	119
0.9836065573770492	0.9047619047619047	1.0	0.8260869565217391	3	119
0.9793388429752066	0.8837209302325582	0.9047619047619048	0.8636363636363636	4	119
0.9754098360655737	0.8846153846153846	0.7931034482758621	1.0	0	120
0.9918032786885246	0.9583333333333334	0.92	1.0	1	120
0.9959016393442623	0.9787234042553191	0.9583333333333334	1.0	2	120
0.9959016393442623	0.9777777777777777	1.0	0.9565217391304348	3	120
0.9834710743801653	0.9166666666666666	0.8461538461538461	1.0	4	120
0.9918032786885246	0.9583333333333334	0.92	1.0	0	121
0.9836065573770492	0.92	0.8518518518518519	1.0	1	121
0.9836065573770492	0.9166666666666666	0.88	0.9565217391304348	2	121
0.9959016393442623	0.9777777777777777	1.0	0.9565217391304348	3	121
0.9834710743801653	0.9130434782608695	0.875	0.9545454545454546	4	121
0.9795081967213115	0.9019607843137255	0.8214285714285714	1.0	0	122
0.9959016393442623	0.9787234042553191	0.9583333333333334	1.0	1	122
0.9877049180327869	0.9333333333333332	0.9545454545454546	0.9130434782608695	2	122
0.9918032786885246	0.9545454545454545	1.0	0.9130434782608695	3	122
0.9793388429752066	0.8979591836734693	0.8148148148148148	1.0	4	122
0.9877049180327869	0.9387755102040816	0.8846153846153846	1.0	0	123
0.9877049180327869	0.9387755102040816	0.8846153846153846	1.0	1	123
0.9836065573770492	0.9166666666666666	0.88	0.9565217391304348	2	123
1.0	1.0	1.0	1.0	3	123
0.9834710743801653	0.9090909090909091	0.9090909090909091	0.9090909090909091	4	123
1.0	1.0	1.0	1.0	0	124
0.9918032786885246	0.9583333333333334	0.92	1.0	1	124
0.9918032786885246	0.9583333333333334	0.92	1.0	2	124
0.9959016393442623	0.9777777777777777	1.0	0.9565217391304348	3	124
0.9834710743801653	0.9130434782608695	0.875	0.9545454545454546	4	124
1.0	1.0	1.0	1.0	0	125
0.9959016393442623	0.9787234042553191	0.9583333333333334	1.0	1	125
0.9877049180327869	0.9361702127659574	0.9166666666666666	0.9565217391304348	2	125
1.0	1.0	1.0	1.0	3	125
0.987603305785124	0.9361702127659575	0.88	1.0	4	125
0.9918032786885246	0.9545454545454545	1.0	0.9130434782608695	0	126
0.9959016393442623	0.9787234042553191	0.9583333333333334	1.0	1	126
0.9918032786885246	0.9565217391304348	0.9565217391304348	0.9565217391304348	2	126
0.9959016393442623	0.9777777777777777	1.0	0.9565217391304348	3	126
0.9834710743801653	0.9166666666666666	0.8461538461538461	1.0	4	126
0.9918032786885246	0.9583333333333334	0.92	1.0	0	127
0.9713114754098361	0.8679245283018869	0.7666666666666667	1.0	1	127
0.9877049180327869	0.9361702127659574	0.9166666666666666	0.9565217391304348	2	127
0.9918032786885246	0.9545454545454545	1.0	0.9130434782608695	3	127
0.987603305785124	0.9361702127659575	0.88	1.0	4	127
0.9836065573770492	0.92	0.8518518518518519	1.0	0	128
0.9959016393442623	0.9787234042553191	0.9583333333333334	1.0	1	128
0.9877049180327869	0.9361702127659574	0.9166666666666666	0.9565217391304348	2	128
0.9959016393442623	0.9777777777777777	1.0	0.9565217391304348	3	128
0.9834710743801653	0.9090909090909091	0.9090909090909091	0.9090909090909091	4	128
0.9877049180327869	0.9387755102040816	0.8846153846153846	1.0	0	129
0.9918032786885246	0.9583333333333334	0.92	1.0	1	129
0.9918032786885246	0.9565217391304348	0.9565217391304348	0.9565217391304348	2	129
0.9959016393442623	0.9777777777777777	1.0	0.9565217391304348	3	129
0.9834710743801653	0.9090909090909091	0.9090909090909091	0.9090909090909091	4	129
0.9795081967213115	0.9019607843137255	0.8214285714285714	1.0	0	130
0.9795081967213115	0.9019607843137255	0.8214285714285714	1.0	1	130
0.9918032786885246	0.9583333333333334	0.92	1.0	2	130
1.0	1.0	1.0	1.0	3	130
0.9834710743801653	0.9166666666666666	0.8461538461538461	1.0	4	130
0.9877049180327869	0.9387755102040816	0.8846153846153846	1.0	0	131
0.9877049180327869	0.9387755102040816	0.8846153846153846	1.0	1	131
0.9918032786885246	0.9583333333333334	0.92	1.0	2	131
0.9918032786885246	0.9545454545454545	1.0	0.9130434782608695	3	131
0.9834710743801653	0.9166666666666666	0.8461538461538461	1.0	4	131
0.9836065573770492	0.92	0.8518518518518519	1.0	0	132
0.9877049180327869	0.9387755102040816	0.8846153846153846	1.0	1	132
0.9918032786885246	0.9583333333333334	0.92	1.0	2	132
0.9959016393442623	0.9777777777777777	1.0	0.9565217391304348	3	132
0.9752066115702479	0.8695652173913043	0.8333333333333334	0.9090909090909091	4	132
1.0	1.0	1.0	1.0	0	133
0.9836065573770492	0.92	0.8518518518518519	1.0	1	133
0.9877049180327869	0.9387755102040816	0.8846153846153846	1.0	2	133
0.9877049180327869	0.9302325581395349	1.0	0.8695652173913043	3	133
0.987603305785124	0.9361702127659575	0.88	1.0	4	133
0.9959016393442623	0.9787234042553191	0.9583333333333334	1.0	0	134
0.9918032786885246	0.9583333333333334	0.92	1.0	1	134
0.9918032786885246	0.9565217391304348	0.9565217391304348	0.9565217391304348	2	134
0.9959016393442623	0.9777777777777777	1.0	0.9565217391304348	3	134
0.9793388429752066	0.888888888888889	0.8695652173913043	0.9090909090909091	4	134
0.9877049180327869	0.9387755102040816	0.8846153846153846	1.0	0	135
0.9918032786885246	0.9583333333333334	0.92	1.0	1	135
0.9918032786885246	0.9565217391304348	0.9565217391304348	0.9565217391304348	2	135
0.9877049180327869	0.9302325581395349	1.0	0.8695652173913043	3	135
0.9752066115702479	0.8571428571428572	0.9	0.8181818181818182	4	135
0.9877049180327869	0.9387755102040816	0.8846153846153846	1.0	0	136
0.9713114754098361	0.8679245283018869	0.7666666666666667	1.0	1	136
0.9508196721311475	0.7931034482758621	0.6571428571428571	1.0	2	136
0.9918032786885246	0.9583333333333334	0.92	1.0	3	136
0.9834710743801653	0.9090909090909091	0.9090909090909091	0.9090909090909091	4	136
0.9795081967213115	0.9019607843137255	0.8214285714285714	1.0	0	137
0.9918032786885246	0.9583333333333334	0.92	1.0	1	137
0.9918032786885246	0.9583333333333334	0.92	1.0	2	137
0.9959016393442623	0.9777777777777777	1.0	0.9565217391304348	3	137
0.9793388429752066	0.888888888888889	0.8695652173913043	0.9090909090909091	4	137
0.9877049180327869	0.9387755102040816	0.8846153846153846	1.0	0	138
0.9877049180327869	0.9387755102040816	0.8846153846153846	1.0	1	138
0.9754098360655737	0.8846153846153846	0.7931034482758621	1.0	2	138
0.9918032786885246	0.9545454545454545	1.0	0.9130434782608695	3	138
0.987603305785124	0.9361702127659575	0.88	1.0	4	138
0.9877049180327869	0.9387755102040816	0.8846153846153846	1.0	0	139
0.9877049180327869	0.9387755102040816	0.8846153846153846	1.0	1	139
0.9959016393442623	0.9787234042553191	0.9583333333333334	1.0	2	139
0.9918032786885246	0.9545454545454545	1.0	0.9130434782608695	3	139
0.9834710743801653	0.9047619047619048	0.95	0.8636363636363636	4	139
0.9713114754098361	0.8679245283018869	0.7666666666666667	1.0	0	140
0.9795081967213115	0.9019607843137255	0.8214285714285714	1.0	1	140
0.9918032786885246	0.9565217391304348	0.9565217391304348	0.9565217391304348	2	140
0.9795081967213115	0.878048780487805	1.0	0.782608695652174	3	140
0.9710743801652892	0.8444444444444444	0.8260869565217391	0.8636363636363636	4	140
0.9836065573770492	0.92	0.8518518518518519	1.0	0	141
0.9836065573770492	0.92	0.8518518518518519	1.0	1	141
1.0	1.0	1.0	1.0	2	141
1.0	1.0	1.0	1.0	3	141
0.9793388429752066	0.8837209302325582	0.9047619047619048	0.8636363636363636	4	141
0.9918032786885246	0.9583333333333334	0.92	1.0	0	142
0.9959016393442623	0.9787234042553191	0.9583333333333334	1.0	1	142
0.9918032786885246	0.9583333333333334	0.92	1.0	2	142
0.9918032786885246	0.9545454545454545	1.0	0.9130434782608695	3	142
0.9917355371900827	0.9565217391304348	0.9166666666666666	1.0	4	142
0.9795081967213115	0.9019607843137255	0.8214285714285714	1.0	0	143
0.9877049180327869	0.9387755102040816	0.8846153846153846	1.0	1	143
0.9836065573770492	0.92	0.8518518518518519	1.0	2	143
0.9959016393442623	0.9777777777777777	1.0	0.9565217391304348	3	143
0.9793388429752066	0.8936170212765958	0.84	0.9545454545454546	4	143
0.9836065573770492	0.92	0.8518518518518519	1.0	0	144
0.9795081967213115	0.9019607843137255	0.8214285714285714	1.0	1	144
0.9918032786885246	0.9583333333333334	0.92	1.0	2	144
0.9836065573770492	0.92	0.8518518518518519	1.0	3	144
0.987603305785124	0.9302325581395349	0.9523809523809523	0.9090909090909091	4	144
0.9713114754098361	0.8679245283018869	0.7666666666666667	1.0	0	145
0.9877049180327869	0.9387755102040816	0.8846153846153846	1.0	1	145
0.9877049180327869	0.9361702127659574	0.9166666666666666	0.9565217391304348	2	145
0.9959016393442623	0.9777777777777777	1.0	0.9565217391304348	3	145
0.9834710743801653	0.9090909090909091	0.9090909090909091	0.9090909090909091	4	145
0.9836065573770492	0.92	0.8518518518518519	1.0	0	146
0.9918032786885246	0.9583333333333334	0.92	1.0	1	146
0.9959016393442623	0.9787234042553191	0.9583333333333334	1.0	2	146
1.0	1.0	1.0	1.0	3	146
0.987603305785124	0.9361702127659575	0.88	1.0	4	146
0.9836065573770492	0.92	0.8518518518518519	1.0	0	147
0.9877049180327869	0.9387755102040816	0.8846153846153846	1.0	1	147
0.9836065573770492	0.909090909090909	0.9523809523809523	0.8695652173913043	2	147
0.9959016393442623	0.9777777777777777	1.0	0.9565217391304348	3	147
0.9834710743801653	0.9047619047619048	0.95	0.8636363636363636	4	147
0.9918032786885246	0.9583333333333334	0.92	1.0	0	148
0.9918032786885246	0.9583333333333334	0.92	1.0	1	148
0.9918032786885246	0.9565217391304348	0.9565217391304348	0.9565217391304348	2	148
1.0	1.0	1.0	1.0	3	148
0.9752066115702479	0.8571428571428572	0.9	0.8181818181818182	4	148
0.9918032786885246	0.9583333333333334	0.92	1.0	0	149
0.9959016393442623	0.9787234042553191	0.9583333333333334	1.0	1	149
0.9877049180327869	0.9361702127659574	0.9166666666666666	0.9565217391304348	2	149
0.9959016393442623	0.9777777777777777	1.0	0.9565217391304348	3	149
0.9710743801652892	0.8292682926829269	0.8947368421052632	0.7727272727272727	4	149
0.9918032786885246	0.9583333333333334	0.92	1.0	0	150
0.9795081967213115	0.9019607843137255	0.8214285714285714	1.0	1	150
0.9918032786885246	0.9583333333333334	0.92	1.0	2	150
0.9959016393442623	0.9777777777777777	1.0	0.9565217391304348	3	150
0.9834710743801653	0.9130434782608695	0.875	0.9545454545454546	4	150
0.9918032786885246	0.9583333333333334	0.92	1.0	0	151
0.9877049180327869	0.9387755102040816	0.8846153846153846	1.0	1	151
0.9918032786885246	0.9565217391304348	0.9565217391304348	0.9565217391304348	2	151
0.9959016393442623	0.9787234042553191	0.9583333333333334	1.0	3	151
0.9958677685950413	0.9777777777777777	0.9565217391304348	1.0	4	151
0.9836065573770492	0.92	0.8518518518518519	1.0	0	152
0.9795081967213115	0.9019607843137255	0.8214285714285714	1.0	1	152
0.9877049180327869	0.9361702127659574	0.9166666666666666	0.9565217391304348	2	152
0.9918032786885246	0.9545454545454545	1.0	0.9130434782608695	3	152
0.9752066115702479	0.8695652173913043	0.8333333333333334	0.9090909090909091	4	152
0.9877049180327869	0.9387755102040816	0.8846153846153846	1.0	0	153
0.9713114754098361	0.8679245283018869	0.7666666666666667	1.0	1	153
0.9877049180327869	0.9361702127659574	0.9166666666666666	0.9565217391304348	2	153
0.9959016393442623	0.9777777777777777	1.0	0.9565217391304348	3	153
0.9752066115702479	0.8636363636363636	0.8636363636363636	0.8636363636363636	4	153
0.9836065573770492	0.92	0.8518518518518519	1.0	0	154
0.9918032786885246	0.9583333333333334	0.92	1.0	1	154
0.9877049180327869	0.9361702127659574	0.9166666666666666	0.9565217391304348	2	154
0.9959016393442623	0.9777777777777777	1.0	0.9565217391304348	3	154
0.987603305785124	0.9361702127659575	0.88	1.0	4	154
0.9754098360655737	0.8846153846153846	0.7931034482758621	1.0	0	155
0.9918032786885246	0.9583333333333334	0.92	1.0	1	155
0.9918032786885246	0.9583333333333334	0.92	1.0	2	155
0.9959016393442623	0.9777777777777777	1.0	0.9565217391304348	3	155
0.9793388429752066	0.888888888888889	0.8695652173913043	0.9090909090909091	4	155
0.9877049180327869	0.9387755102040816	0.8846153846153846	1.0	0	156
0.9959016393442623	0.9787234042553191	0.9583333333333334	1.0	1	156
0.9795081967213115	0.9019607843137255	0.8214285714285714	1.0	2	156
0.9959016393442623	0.9777777777777777	1.0	0.9565217391304348	3	156
0.9834710743801653	0.9166666666666666	0.8461538461538461	1.0	4	156
0.9877049180327869	0.9361702127659574	0.9166666666666666	0.9565217391304348	0	157
0.9836065573770492	0.92	0.8518518518518519	1.0	1	157
0.9918032786885246	0.9565217391304348	0.9565217391304348	0.9565217391304348	2	157
0.9877049180327869	0.9333333333333332	0.9545454545454546	0.9130434782608695	3	157
0.9834710743801653	0.9090909090909091	0.9090909090909091	0.9090909090909091	4	157
0.9959016393442623	0.9787234042553191	0.9583333333333334	1.0	0	158
0.9836065573770492	0.92	0.8518518518518519	1.0	1	158
0.9918032786885246	0.9565217391304348	0.9565217391304348	0.9565217391304348	2	158
0.9959016393442623	0.9777777777777777	1.0	0.9565217391304348	3	158
0.9834710743801653	0.9166666666666666	0.8461538461538461	1.0	4	158
0.9877049180327869	0.9387755102040816	0.8846153846153846	1.0	0	159
0.9877049180327869	0.9387755102040816	0.8846153846153846	1.0	1	159
0.9918032786885246	0.9583333333333334	0.92	1.0	2	159
0.9959016393442623	0.9777777777777777	1.0	0.9565217391304348	3	159
0.9710743801652892	0.8372093023255814	0.8571428571428571	0.8181818181818182	4	159
0.9959016393442623	0.9787234042553191	0.9583333333333334	1.0	0	160
0.9918032786885246	0.9583333333333334	0.92	1.0	1	160
1.0	1.0	1.0	1.0	2	160
0.9918032786885246	0.9565217391304348	0.9565217391304348	0.9565217391304348	3	160
0.9793388429752066	0.888888888888889	0.8695652173913043	0.9090909090909091	4	160
1.0	1.0	1.0	1.0	0	161
0.9918032786885246	0.9583333333333334	0.92	1.0	1	161
0.9959016393442623	0.9787234042553191	0.9583333333333334	1.0	2	161
1.0	1.0	1.0	1.0	3	161
0.9917355371900827	0.9545454545454546	0.9545454545454546	0.9545454545454546	4	161
0.9877049180327869	0.9387755102040816	0.8846153846153846	1.0	0	162
0.9713114754098361	0.8679245283018869	0.7666666666666667	1.0	1	162
0.9631147540983607	0.8363636363636363	0.71875	1.0	2	162
0.9959016393442623	0.9777777777777777	1.0	0.9565217391304348	3	162
0.9917355371900827	0.9565217391304348	0.9166666666666666	1.0	4	162
0.9877049180327869	0.9387755102040816	0.8846153846153846	1.0	0	163
0.9918032786885246	0.9583333333333334	0.92	1.0	1	163
0.9836065573770492	0.92	0.8518518518518519	1.0	2	163
0.9918032786885246	0.9545454545454545	1.0	0.9130434782608695	3	163
0.9793388429752066	0.8936170212765958	0.84	0.9545454545454546	4	163
